Words,Synonym 1,Synonym 2,Synonym 3,Synonym 4,
baby,Child,infant,toddler,kid,
accessories,extras,attachments,equipment,supplies,
supplies,necessities,equipment,fixtures,,
equipment,accessories,supplies,fixtures,gear,
home,House,,,,
parts,components,pieces,hardware,,
hardware,parts,components,pieces,,
tools,Gadgets,machines,mechanisms,,
bathroom,lavatory,restroom,toilet,,
nursery,playroom,baby room,,,
garden,nursery,Yard,Patio,,
fixtures,supplies,accessories,,,
electrical,smart,power,,,
appliances,gadgets,devices,tools,,
smart,electronic,,,,
car,auto,automobile,,,
power,electrical,,,,
,,,,,
